customer_id,customer_name,city,signup_date,email
Cust_001,Aarav Patel,Pune,2022-09-14,aarav.patel@gmail.com
Cust_002,Diya Sharma,Hyderabad,2022-01-20,diya.sharma@gmail.com
Cust_003,Rohan Verma,Bangalore,2022-10-16,rohan.verma@gmail.com
Cust_004,Sneha Iyer,Hyderabad,2024-05-11,sneha.iyer@gmail.com
Cust_005,Karan Malhotra,Hyderabad,2020-12-08,karan.malhotra@gmail.com
Cust_006,Priya Singh,Mumbai,2020-09-05,priya.singh@gmail.com
Cust_007,Anjali Gupta,Bangalore,2020-07-15,anjali.gupta@gmail.com
Cust_008,Vikram Rao,Bangalore,2025-10-13,vikram.rao@gmail.com
Cust_009,Neeraj Kumar,Bangalore,2021-06-03,neeraj.kumar@gmail.com
Cust_010,Pallavi Joshi,Hyderabad,2020-09-12,pallavi.joshi@gmail.com
Cust_011,Aarav Patel,Pune,2024-12-07,aarav.patel@gmail.com
Cust_012,Diya Sharma,Bangalore,2021-01-07,diya.sharma@gmail.com
Cust_013,Rohan Verma,Hyderabad,2021-11-01,rohan.verma@gmail.com
Cust_014,Sneha Iyer,Mumbai,2020-04-14,sneha.iyer@gmail.com
Cust_015,Karan Malhotra,Pune,2024-03-02,karan.malhotra@gmail.com
Cust_016,Priya Singh,Mumbai,2024-03-13,priya.singh@gmail.com
Cust_017,Anjali Gupta,Pune,2025-01-27,anjali.gupta@gmail.com
Cust_018,Vikram Rao,Hyderabad,2021-05-01,vikram.rao@gmail.com
Cust_019,Neeraj Kumar,Delhi,2020-03-18,neeraj.kumar@gmail.com
Cust_020,Pallavi Joshi,Pune,2023-10-17,pallavi.joshi@gmail.com
Cust_021,Aarav Patel,Mumbai,2020-01-23,aarav.patel@gmail.com
Cust_022,Diya Sharma,Hyderabad,2025-12-01,diya.sharma@gmail.com
Cust_023,Rohan Verma,Pune,2024-03-20,rohan.verma@gmail.com
Cust_024,Sneha Iyer,Delhi,2024-05-24,sneha.iyer@gmail.com
Cust_025,Karan Malhotra,Delhi,2024-03-24,karan.malhotra@gmail.com
Cust_026,Priya Singh,Bangalore,2023-09-23,priya.singh@gmail.com
Cust_027,Anjali Gupta,Bangalore,2020-08-25,anjali.gupta@gmail.com
Cust_028,Vikram Rao,Mumbai,2025-10-07,vikram.rao@gmail.com
Cust_029,Neeraj Kumar,Pune,2024-07-25,neeraj.kumar@gmail.com
Cust_030,Pallavi Joshi,Pune,2025-02-08,pallavi.joshi@gmail.com
Cust_031,Aarav Patel,Bangalore,2022-05-08,aarav.patel@gmail.com
Cust_032,Diya Sharma,Pune,2021-12-22,diya.sharma@gmail.com
Cust_033,Rohan Verma,Pune,2020-05-23,rohan.verma@gmail.com
Cust_034,Sneha Iyer,Delhi,2020-03-21,sneha.iyer@gmail.com
Cust_035,Karan Malhotra,Bangalore,2024-04-06,karan.malhotra@gmail.com
Cust_036,Priya Singh,Hyderabad,2025-10-11,priya.singh@gmail.com
Cust_037,Anjali Gupta,Bangalore,2020-11-24,anjali.gupta@gmail.com
Cust_038,Vikram Rao,Hyderabad,2025-05-03,vikram.rao@gmail.com
Cust_039,Neeraj Kumar,Delhi,2021-07-27,neeraj.kumar@gmail.com
Cust_040,Pallavi Joshi,Mumbai,2022-04-26,pallavi.joshi@gmail.com
Cust_041,Aarav Patel,Pune,2024-08-11,aarav.patel@gmail.com
Cust_042,Diya Sharma,Delhi,2025-12-16,diya.sharma@gmail.com
Cust_043,Rohan Verma,Pune,2023-10-03,rohan.verma@gmail.com
Cust_044,Sneha Iyer,Mumbai,2021-11-09,sneha.iyer@gmail.com
Cust_045,Karan Malhotra,Mumbai,2022-03-25,karan.malhotra@gmail.com
Cust_046,Priya Singh,Delhi,2021-10-13,priya.singh@gmail.com
Cust_047,Anjali Gupta,Mumbai,2023-02-23,anjali.gupta@gmail.com
Cust_048,Vikram Rao,Hyderabad,2025-01-01,vikram.rao@gmail.com
Cust_049,Neeraj Kumar,Mumbai,2021-11-10,neeraj.kumar@gmail.com
Cust_050,Pallavi Joshi,Pune,2022-02-19,pallavi.joshi@gmail.com
Cust_051,Aarav Patel,Pune,2025-12-17,aarav.patel@gmail.com
Cust_052,Diya Sharma,Pune,2025-09-05,diya.sharma@gmail.com
Cust_053,Rohan Verma,Pune,2022-12-18,rohan.verma@gmail.com
Cust_054,Sneha Iyer,Hyderabad,2022-09-21,sneha.iyer@gmail.com
Cust_055,Karan Malhotra,Bangalore,2024-07-02,karan.malhotra@gmail.com
Cust_056,Priya Singh,Delhi,2024-02-28,priya.singh@gmail.com
Cust_057,Anjali Gupta,Pune,2023-12-17,anjali.gupta@gmail.com
Cust_058,Vikram Rao,Mumbai,2021-01-11,vikram.rao@gmail.com
Cust_059,Neeraj Kumar,Pune,2022-09-19,neeraj.kumar@gmail.com
Cust_060,Pallavi Joshi,Mumbai,2023-06-21,pallavi.joshi@gmail.com
Cust_061,Aarav Patel,Mumbai,2025-03-07,aarav.patel@gmail.com
Cust_062,Diya Sharma,Pune,2024-05-14,diya.sharma@gmail.com
Cust_063,Rohan Verma,Hyderabad,2022-09-26,rohan.verma@gmail.com
Cust_064,Sneha Iyer,Mumbai,2021-05-23,sneha.iyer@gmail.com
Cust_065,Karan Malhotra,Mumbai,2023-07-18,karan.malhotra@gmail.com
Cust_066,Priya Singh,Pune,2022-05-05,priya.singh@gmail.com
Cust_067,Anjali Gupta,Mumbai,2022-04-12,anjali.gupta@gmail.com
Cust_068,Vikram Rao,Mumbai,2024-11-06,vikram.rao@gmail.com
Cust_069,Neeraj Kumar,Pune,2023-10-17,neeraj.kumar@gmail.com
Cust_070,Pallavi Joshi,Pune,2025-04-11,pallavi.joshi@gmail.com
Cust_071,Aarav Patel,Delhi,2022-06-06,aarav.patel@gmail.com
Cust_072,Diya Sharma,Hyderabad,2023-12-19,diya.sharma@gmail.com
Cust_073,Rohan Verma,Hyderabad,2024-04-13,rohan.verma@gmail.com
Cust_074,Sneha Iyer,Mumbai,2021-12-25,sneha.iyer@gmail.com
Cust_075,Karan Malhotra,Hyderabad,2025-02-03,karan.malhotra@gmail.com
Cust_076,Priya Singh,Mumbai,2022-07-15,priya.singh@gmail.com
Cust_077,Anjali Gupta,Delhi,2025-10-01,anjali.gupta@gmail.com
Cust_078,Vikram Rao,Pune,2021-03-27,vikram.rao@gmail.com
Cust_079,Neeraj Kumar,Pune,2022-04-07,neeraj.kumar@gmail.com
Cust_080,Pallavi Joshi,Pune,2025-11-24,pallavi.joshi@gmail.com
Cust_081,Aarav Patel,Hyderabad,2022-10-18,aarav.patel@gmail.com
Cust_082,Diya Sharma,Delhi,2020-10-10,diya.sharma@gmail.com
Cust_083,Rohan Verma,Hyderabad,2024-07-27,rohan.verma@gmail.com
Cust_084,Sneha Iyer,Hyderabad,2025-01-11,sneha.iyer@gmail.com
Cust_085,Karan Malhotra,Delhi,2025-08-14,karan.malhotra@gmail.com
Cust_086,Priya Singh,Delhi,2021-10-09,priya.singh@gmail.com
Cust_087,Anjali Gupta,Delhi,2021-06-14,anjali.gupta@gmail.com
Cust_088,Vikram Rao,Delhi,2020-11-06,vikram.rao@gmail.com
Cust_089,Neeraj Kumar,Pune,2023-06-24,neeraj.kumar@gmail.com
Cust_090,Pallavi Joshi,Bangalore,2021-11-05,pallavi.joshi@gmail.com
Cust_091,Aarav Patel,Bangalore,2025-04-03,aarav.patel@gmail.com
Cust_092,Diya Sharma,Delhi,2021-05-15,diya.sharma@gmail.com
Cust_093,Rohan Verma,Bangalore,2021-06-08,rohan.verma@gmail.com
Cust_094,Sneha Iyer,Bangalore,2023-06-12,sneha.iyer@gmail.com
Cust_095,Karan Malhotra,Delhi,2024-07-25,karan.malhotra@gmail.com
Cust_096,Priya Singh,Bangalore,2021-10-25,priya.singh@gmail.com
Cust_097,Anjali Gupta,Hyderabad,2021-07-14,anjali.gupta@gmail.com
Cust_098,Vikram Rao,Mumbai,2025-05-06,vikram.rao@gmail.com
Cust_099,Neeraj Kumar,Mumbai,2023-10-21,neeraj.kumar@gmail.com
Cust_100,Pallavi Joshi,Delhi,2022-09-03,pallavi.joshi@gmail.com
Cust_101,Aarav Patel,Pune,2021-03-11,aarav.patel@gmail.com
Cust_102,Diya Sharma,Delhi,2021-09-12,diya.sharma@gmail.com
Cust_103,Rohan Verma,Pune,2022-02-22,rohan.verma@gmail.com
Cust_104,Sneha Iyer,Mumbai,2021-03-07,sneha.iyer@gmail.com
Cust_105,Karan Malhotra,Delhi,2023-10-07,karan.malhotra@gmail.com
Cust_106,Priya Singh,Hyderabad,2025-01-24,priya.singh@gmail.com
Cust_107,Anjali Gupta,Bangalore,2021-02-14,anjali.gupta@gmail.com
Cust_108,Vikram Rao,Pune,2021-09-07,vikram.rao@gmail.com
Cust_109,Neeraj Kumar,Bangalore,2025-12-19,neeraj.kumar@gmail.com
Cust_110,Pallavi Joshi,Bangalore,2022-08-17,pallavi.joshi@gmail.com
Cust_111,Aarav Patel,Delhi,2024-02-03,aarav.patel@gmail.com
Cust_112,Diya Sharma,Bangalore,2020-01-18,diya.sharma@gmail.com
Cust_113,Rohan Verma,Hyderabad,2023-04-06,rohan.verma@gmail.com
Cust_114,Sneha Iyer,Bangalore,2022-09-01,sneha.iyer@gmail.com
Cust_115,Karan Malhotra,Delhi,2023-01-19,karan.malhotra@gmail.com
Cust_116,Priya Singh,Hyderabad,2023-12-14,priya.singh@gmail.com
Cust_117,Anjali Gupta,Mumbai,2024-10-11,anjali.gupta@gmail.com
Cust_118,Vikram Rao,Bangalore,2022-05-25,vikram.rao@gmail.com
Cust_119,Neeraj Kumar,Delhi,2024-03-12,neeraj.kumar@gmail.com
Cust_120,Pallavi Joshi,Mumbai,2020-01-06,pallavi.joshi@gmail.com
Cust_121,Aarav Patel,Mumbai,2021-11-18,aarav.patel@gmail.com
Cust_122,Diya Sharma,Pune,2020-01-12,diya.sharma@gmail.com
Cust_123,Rohan Verma,Hyderabad,2024-10-19,rohan.verma@gmail.com
Cust_124,Sneha Iyer,Bangalore,2024-05-07,sneha.iyer@gmail.com
Cust_125,Karan Malhotra,Delhi,2024-04-18,karan.malhotra@gmail.com
Cust_126,Priya Singh,Pune,2025-11-28,priya.singh@gmail.com
Cust_127,Anjali Gupta,Hyderabad,2025-11-15,anjali.gupta@gmail.com
Cust_128,Vikram Rao,Pune,2022-04-12,vikram.rao@gmail.com
Cust_129,Neeraj Kumar,Hyderabad,2022-05-13,neeraj.kumar@gmail.com
Cust_130,Pallavi Joshi,Hyderabad,2021-01-08,pallavi.joshi@gmail.com
Cust_131,Aarav Patel,Bangalore,2025-11-17,aarav.patel@gmail.com
Cust_132,Diya Sharma,Hyderabad,2021-06-09,diya.sharma@gmail.com
Cust_133,Rohan Verma,Pune,2021-08-28,rohan.verma@gmail.com
Cust_134,Sneha Iyer,Hyderabad,2022-09-25,sneha.iyer@gmail.com
Cust_135,Karan Malhotra,Bangalore,2025-06-28,karan.malhotra@gmail.com
Cust_136,Priya Singh,Bangalore,2022-04-10,priya.singh@gmail.com
Cust_137,Anjali Gupta,Pune,2025-09-26,anjali.gupta@gmail.com
Cust_138,Vikram Rao,Mumbai,2022-12-22,vikram.rao@gmail.com
Cust_139,Neeraj Kumar,Mumbai,2020-05-14,neeraj.kumar@gmail.com
Cust_140,Pallavi Joshi,Hyderabad,2021-02-07,pallavi.joshi@gmail.com
Cust_141,Aarav Patel,Delhi,2025-10-28,aarav.patel@gmail.com
Cust_142,Diya Sharma,Hyderabad,2025-12-13,diya.sharma@gmail.com
Cust_143,Rohan Verma,Pune,2020-10-28,rohan.verma@gmail.com
Cust_144,Sneha Iyer,Pune,2020-01-03,sneha.iyer@gmail.com
Cust_145,Karan Malhotra,Pune,2020-01-25,karan.malhotra@gmail.com
Cust_146,Priya Singh,Pune,2025-12-01,priya.singh@gmail.com
Cust_147,Anjali Gupta,Pune,2021-05-05,anjali.gupta@gmail.com
Cust_148,Vikram Rao,Bangalore,2025-07-15,vikram.rao@gmail.com
Cust_149,Neeraj Kumar,Mumbai,2020-03-22,neeraj.kumar@gmail.com
Cust_150,Pallavi Joshi,Pune,2024-11-12,pallavi.joshi@gmail.com
Cust_151,Aarav Patel,Delhi,2024-03-23,aarav.patel@gmail.com
Cust_152,Diya Sharma,Delhi,2023-12-26,diya.sharma@gmail.com
Cust_153,Rohan Verma,Delhi,2024-09-16,rohan.verma@gmail.com
Cust_154,Sneha Iyer,Delhi,2025-08-08,sneha.iyer@gmail.com
Cust_155,Karan Malhotra,Bangalore,2023-02-22,karan.malhotra@gmail.com
Cust_156,Priya Singh,Delhi,2024-10-10,priya.singh@gmail.com
Cust_157,Anjali Gupta,Pune,2023-09-06,anjali.gupta@gmail.com
Cust_158,Vikram Rao,Hyderabad,2023-03-14,vikram.rao@gmail.com
Cust_159,Neeraj Kumar,Delhi,2025-02-21,neeraj.kumar@gmail.com
Cust_160,Pallavi Joshi,Bangalore,2023-07-02,pallavi.joshi@gmail.com
Cust_161,Aarav Patel,Bangalore,2021-01-09,aarav.patel@gmail.com
Cust_162,Diya Sharma,Delhi,2022-05-14,diya.sharma@gmail.com
Cust_163,Rohan Verma,Hyderabad,2025-02-15,rohan.verma@gmail.com
Cust_164,Sneha Iyer,Delhi,2023-10-06,sneha.iyer@gmail.com
Cust_165,Karan Malhotra,Bangalore,2020-11-01,karan.malhotra@gmail.com
Cust_166,Priya Singh,Mumbai,2024-09-10,priya.singh@gmail.com
Cust_167,Anjali Gupta,Pune,2024-08-02,anjali.gupta@gmail.com
Cust_168,Vikram Rao,Bangalore,2024-07-05,vikram.rao@gmail.com
Cust_169,Neeraj Kumar,Delhi,2025-09-10,neeraj.kumar@gmail.com
Cust_170,Pallavi Joshi,Pune,2023-02-19,pallavi.joshi@gmail.com
Cust_171,Aarav Patel,Delhi,2022-10-06,aarav.patel@gmail.com
Cust_172,Diya Sharma,Delhi,2022-05-16,diya.sharma@gmail.com
Cust_173,Rohan Verma,Mumbai,2021-07-07,rohan.verma@gmail.com
Cust_174,Sneha Iyer,Pune,2022-07-02,sneha.iyer@gmail.com
Cust_175,Karan Malhotra,Pune,2024-08-20,karan.malhotra@gmail.com
Cust_176,Priya Singh,Mumbai,2023-07-06,priya.singh@gmail.com
Cust_177,Anjali Gupta,Bangalore,2021-09-12,anjali.gupta@gmail.com
Cust_178,Vikram Rao,Delhi,2024-03-09,vikram.rao@gmail.com
Cust_179,Neeraj Kumar,Hyderabad,2025-11-11,neeraj.kumar@gmail.com
Cust_180,Pallavi Joshi,Delhi,2022-06-21,pallavi.joshi@gmail.com
Cust_181,Aarav Patel,Delhi,2021-07-02,aarav.patel@gmail.com
Cust_182,Diya Sharma,Bangalore,2024-08-11,diya.sharma@gmail.com
Cust_183,Rohan Verma,Delhi,2020-01-20,rohan.verma@gmail.com
Cust_184,Sneha Iyer,Mumbai,2022-10-18,sneha.iyer@gmail.com
Cust_185,Karan Malhotra,Mumbai,2023-12-07,karan.malhotra@gmail.com
Cust_186,Priya Singh,Pune,2020-11-26,priya.singh@gmail.com
Cust_187,Anjali Gupta,Hyderabad,2025-04-28,anjali.gupta@gmail.com
Cust_188,Vikram Rao,Delhi,2025-04-22,vikram.rao@gmail.com
Cust_189,Neeraj Kumar,Delhi,2025-10-09,neeraj.kumar@gmail.com
Cust_190,Pallavi Joshi,Bangalore,2023-04-26,pallavi.joshi@gmail.com
Cust_191,Aarav Patel,Mumbai,2020-10-21,aarav.patel@gmail.com
Cust_192,Diya Sharma,Hyderabad,2025-04-15,diya.sharma@gmail.com
Cust_193,Rohan Verma,Pune,2020-07-08,rohan.verma@gmail.com
Cust_194,Sneha Iyer,Mumbai,2025-07-28,sneha.iyer@gmail.com
Cust_195,Karan Malhotra,Pune,2025-03-06,karan.malhotra@gmail.com
Cust_196,Priya Singh,Bangalore,2025-03-02,priya.singh@gmail.com
Cust_197,Anjali Gupta,Bangalore,2025-02-14,anjali.gupta@gmail.com
Cust_198,Vikram Rao,Delhi,2023-07-25,vikram.rao@gmail.com
Cust_199,Neeraj Kumar,Hyderabad,2025-05-02,neeraj.kumar@gmail.com
Cust_200,Pallavi Joshi,Pune,2023-05-26,pallavi.joshi@gmail.com
Cust_201,Aarav Patel,Mumbai,2021-07-12,aarav.patel@gmail.com
Cust_202,Diya Sharma,Bangalore,2023-10-16,diya.sharma@gmail.com
Cust_203,Rohan Verma,Delhi,2021-08-22,rohan.verma@gmail.com
Cust_204,Sneha Iyer,Delhi,2024-10-11,sneha.iyer@gmail.com
Cust_205,Karan Malhotra,Pune,2020-06-20,karan.malhotra@gmail.com
Cust_206,Priya Singh,Bangalore,2024-07-18,priya.singh@gmail.com
Cust_207,Anjali Gupta,Hyderabad,2021-05-05,anjali.gupta@gmail.com
Cust_208,Vikram Rao,Bangalore,2020-10-10,vikram.rao@gmail.com
Cust_209,Neeraj Kumar,Pune,2022-12-13,neeraj.kumar@gmail.com
Cust_210,Pallavi Joshi,Pune,2023-09-01,pallavi.joshi@gmail.com
Cust_211,Aarav Patel,Bangalore,2024-12-17,aarav.patel@gmail.com
Cust_212,Diya Sharma,Pune,2020-12-28,diya.sharma@gmail.com
Cust_213,Rohan Verma,Bangalore,2020-10-13,rohan.verma@gmail.com
Cust_214,Sneha Iyer,Mumbai,2025-02-13,sneha.iyer@gmail.com
Cust_215,Karan Malhotra,Bangalore,2021-10-26,karan.malhotra@gmail.com
Cust_216,Priya Singh,Bangalore,2022-04-16,priya.singh@gmail.com
Cust_217,Anjali Gupta,Pune,2024-10-22,anjali.gupta@gmail.com
Cust_218,Vikram Rao,Pune,2020-06-12,vikram.rao@gmail.com
Cust_219,Neeraj Kumar,Delhi,2024-08-02,neeraj.kumar@gmail.com
Cust_220,Pallavi Joshi,Delhi,2021-10-09,pallavi.joshi@gmail.com
Cust_221,Aarav Patel,Mumbai,2025-01-27,aarav.patel@gmail.com
Cust_222,Diya Sharma,Delhi,2024-09-11,diya.sharma@gmail.com
Cust_223,Rohan Verma,Bangalore,2025-05-10,rohan.verma@gmail.com
Cust_224,Sneha Iyer,Pune,2020-11-09,sneha.iyer@gmail.com
Cust_225,Karan Malhotra,Delhi,2023-08-06,karan.malhotra@gmail.com
Cust_226,Priya Singh,Delhi,2020-02-17,priya.singh@gmail.com
Cust_227,Anjali Gupta,Mumbai,2023-09-23,anjali.gupta@gmail.com
Cust_228,Vikram Rao,Mumbai,2024-12-19,vikram.rao@gmail.com
Cust_229,Neeraj Kumar,Bangalore,2023-06-24,neeraj.kumar@gmail.com
Cust_230,Pallavi Joshi,Pune,2024-05-07,pallavi.joshi@gmail.com
Cust_231,Aarav Patel,Mumbai,2024-04-28,aarav.patel@gmail.com
Cust_232,Diya Sharma,Delhi,2020-08-06,diya.sharma@gmail.com
Cust_233,Rohan Verma,Pune,2024-11-17,rohan.verma@gmail.com
Cust_234,Sneha Iyer,Pune,2022-11-05,sneha.iyer@gmail.com
Cust_235,Karan Malhotra,Delhi,2025-10-10,karan.malhotra@gmail.com
Cust_236,Priya Singh,Mumbai,2022-04-19,priya.singh@gmail.com
Cust_237,Anjali Gupta,Delhi,2020-12-12,anjali.gupta@gmail.com
Cust_238,Vikram Rao,Pune,2022-06-19,vikram.rao@gmail.com
Cust_239,Neeraj Kumar,Hyderabad,2020-08-22,neeraj.kumar@gmail.com
Cust_240,Pallavi Joshi,Hyderabad,2022-03-02,pallavi.joshi@gmail.com
Cust_241,Aarav Patel,Bangalore,2021-08-27,aarav.patel@gmail.com
Cust_242,Diya Sharma,Delhi,2021-02-18,diya.sharma@gmail.com
Cust_243,Rohan Verma,Delhi,2020-11-21,rohan.verma@gmail.com
Cust_244,Sneha Iyer,Bangalore,2020-12-07,sneha.iyer@gmail.com
Cust_245,Karan Malhotra,Bangalore,2020-02-27,karan.malhotra@gmail.com
Cust_246,Priya Singh,Bangalore,2020-02-21,priya.singh@gmail.com
Cust_247,Anjali Gupta,Pune,2024-10-10,anjali.gupta@gmail.com
Cust_248,Vikram Rao,Delhi,2023-04-10,vikram.rao@gmail.com
Cust_249,Neeraj Kumar,Pune,2025-11-21,neeraj.kumar@gmail.com
Cust_250,Pallavi Joshi,Bangalore,2020-05-01,pallavi.joshi@gmail.com
Cust_251,Aarav Patel,Delhi,2024-10-21,aarav.patel@gmail.com
Cust_252,Diya Sharma,Pune,2022-03-11,diya.sharma@gmail.com
Cust_253,Rohan Verma,Pune,2025-09-07,rohan.verma@gmail.com
Cust_254,Sneha Iyer,Bangalore,2025-07-12,sneha.iyer@gmail.com
Cust_255,Karan Malhotra,Delhi,2022-07-04,karan.malhotra@gmail.com
Cust_256,Priya Singh,Bangalore,2021-01-24,priya.singh@gmail.com
Cust_257,Anjali Gupta,Delhi,2022-06-08,anjali.gupta@gmail.com
Cust_258,Vikram Rao,Hyderabad,2022-03-19,vikram.rao@gmail.com
Cust_259,Neeraj Kumar,Mumbai,2020-08-06,neeraj.kumar@gmail.com
Cust_260,Pallavi Joshi,Mumbai,2025-04-14,pallavi.joshi@gmail.com
Cust_261,Aarav Patel,Mumbai,2022-12-15,aarav.patel@gmail.com
Cust_262,Diya Sharma,Bangalore,2021-04-08,diya.sharma@gmail.com
Cust_263,Rohan Verma,Hyderabad,2021-12-03,rohan.verma@gmail.com
Cust_264,Sneha Iyer,Delhi,2020-09-26,sneha.iyer@gmail.com
Cust_265,Karan Malhotra,Pune,2021-01-10,karan.malhotra@gmail.com
Cust_266,Priya Singh,Delhi,2023-11-11,priya.singh@gmail.com
Cust_267,Anjali Gupta,Pune,2021-10-19,anjali.gupta@gmail.com
Cust_268,Vikram Rao,Delhi,2021-06-20,vikram.rao@gmail.com
Cust_269,Neeraj Kumar,Hyderabad,2025-01-03,neeraj.kumar@gmail.com
Cust_270,Pallavi Joshi,Pune,2024-10-19,pallavi.joshi@gmail.com
Cust_271,Aarav Patel,Bangalore,2022-09-16,aarav.patel@gmail.com
Cust_272,Diya Sharma,Delhi,2021-01-11,diya.sharma@gmail.com
Cust_273,Rohan Verma,Delhi,2023-03-02,rohan.verma@gmail.com
Cust_274,Sneha Iyer,Pune,2022-01-19,sneha.iyer@gmail.com
Cust_275,Karan Malhotra,Bangalore,2025-01-02,karan.malhotra@gmail.com
Cust_276,Priya Singh,Bangalore,2024-04-02,priya.singh@gmail.com
Cust_277,Anjali Gupta,Hyderabad,2023-01-14,anjali.gupta@gmail.com
Cust_278,Vikram Rao,Bangalore,2020-10-04,vikram.rao@gmail.com
Cust_279,Neeraj Kumar,Bangalore,2020-02-25,neeraj.kumar@gmail.com
Cust_280,Pallavi Joshi,Bangalore,2024-10-05,pallavi.joshi@gmail.com
Cust_281,Aarav Patel,Mumbai,2022-03-07,aarav.patel@gmail.com
Cust_282,Diya Sharma,Hyderabad,2024-03-17,diya.sharma@gmail.com
Cust_283,Rohan Verma,Delhi,2025-09-03,rohan.verma@gmail.com
Cust_284,Sneha Iyer,Pune,2022-11-14,sneha.iyer@gmail.com
Cust_285,Karan Malhotra,Delhi,2024-05-17,karan.malhotra@gmail.com
Cust_286,Priya Singh,Hyderabad,2023-02-16,priya.singh@gmail.com
Cust_287,Anjali Gupta,Pune,2021-07-28,anjali.gupta@gmail.com
Cust_288,Vikram Rao,Hyderabad,2023-05-16,vikram.rao@gmail.com
Cust_289,Neeraj Kumar,Bangalore,2024-11-26,neeraj.kumar@gmail.com
Cust_290,Pallavi Joshi,Pune,2021-10-02,pallavi.joshi@gmail.com
Cust_291,Aarav Patel,Bangalore,2020-04-28,aarav.patel@gmail.com
Cust_292,Diya Sharma,Delhi,2020-03-25,diya.sharma@gmail.com
Cust_293,Rohan Verma,Delhi,2022-02-18,rohan.verma@gmail.com
Cust_294,Sneha Iyer,Pune,2020-06-12,sneha.iyer@gmail.com
Cust_295,Karan Malhotra,Pune,2022-03-06,karan.malhotra@gmail.com
Cust_296,Priya Singh,Hyderabad,2025-03-16,priya.singh@gmail.com
Cust_297,Anjali Gupta,Hyderabad,2021-09-28,anjali.gupta@gmail.com
Cust_298,Vikram Rao,Bangalore,2022-08-12,vikram.rao@gmail.com
Cust_299,Neeraj Kumar,Pune,2021-04-17,neeraj.kumar@gmail.com
Cust_300,Pallavi Joshi,Delhi,2020-05-05,pallavi.joshi@gmail.com
Cust_301,Aarav Patel,Hyderabad,2022-12-16,aarav.patel@gmail.com
Cust_302,Diya Sharma,Hyderabad,2020-03-06,diya.sharma@gmail.com
Cust_303,Rohan Verma,Delhi,2020-10-21,rohan.verma@gmail.com
Cust_304,Sneha Iyer,Hyderabad,2025-07-22,sneha.iyer@gmail.com
Cust_305,Karan Malhotra,Bangalore,2020-12-18,karan.malhotra@gmail.com
Cust_306,Priya Singh,Pune,2024-03-16,priya.singh@gmail.com
Cust_307,Anjali Gupta,Delhi,2023-10-07,anjali.gupta@gmail.com
Cust_308,Vikram Rao,Pune,2023-03-04,vikram.rao@gmail.com
Cust_309,Neeraj Kumar,Hyderabad,2025-05-07,neeraj.kumar@gmail.com
Cust_310,Pallavi Joshi,Hyderabad,2022-09-22,pallavi.joshi@gmail.com
Cust_311,Aarav Patel,Delhi,2021-01-16,aarav.patel@gmail.com
Cust_312,Diya Sharma,Bangalore,2021-12-11,diya.sharma@gmail.com
Cust_313,Rohan Verma,Mumbai,2022-03-04,rohan.verma@gmail.com
Cust_314,Sneha Iyer,Delhi,2025-01-28,sneha.iyer@gmail.com
Cust_315,Karan Malhotra,Mumbai,2022-06-08,karan.malhotra@gmail.com
Cust_316,Priya Singh,Mumbai,2024-05-07,priya.singh@gmail.com
Cust_317,Anjali Gupta,Bangalore,2020-07-19,anjali.gupta@gmail.com
Cust_318,Vikram Rao,Mumbai,2025-08-05,vikram.rao@gmail.com
Cust_319,Neeraj Kumar,Mumbai,2020-11-07,neeraj.kumar@gmail.com
Cust_320,Pallavi Joshi,Bangalore,2021-05-12,pallavi.joshi@gmail.com
Cust_321,Aarav Patel,Mumbai,2025-09-09,aarav.patel@gmail.com
Cust_322,Diya Sharma,Mumbai,2024-01-13,diya.sharma@gmail.com
Cust_323,Rohan Verma,Mumbai,2025-12-10,rohan.verma@gmail.com
Cust_324,Sneha Iyer,Delhi,2025-02-19,sneha.iyer@gmail.com
Cust_325,Karan Malhotra,Delhi,2025-09-10,karan.malhotra@gmail.com
Cust_326,Priya Singh,Delhi,2020-12-11,priya.singh@gmail.com
Cust_327,Anjali Gupta,Bangalore,2021-10-07,anjali.gupta@gmail.com
Cust_328,Vikram Rao,Hyderabad,2020-04-03,vikram.rao@gmail.com
Cust_329,Neeraj Kumar,Mumbai,2022-11-02,neeraj.kumar@gmail.com
Cust_330,Pallavi Joshi,Mumbai,2025-07-06,pallavi.joshi@gmail.com
Cust_331,Aarav Patel,Bangalore,2022-04-16,aarav.patel@gmail.com
Cust_332,Diya Sharma,Mumbai,2021-12-20,diya.sharma@gmail.com
Cust_333,Rohan Verma,Delhi,2022-03-15,rohan.verma@gmail.com
Cust_334,Sneha Iyer,Hyderabad,2023-05-21,sneha.iyer@gmail.com
Cust_335,Karan Malhotra,Pune,2025-10-04,karan.malhotra@gmail.com
Cust_336,Priya Singh,Mumbai,2021-11-18,priya.singh@gmail.com
Cust_337,Anjali Gupta,Delhi,2024-02-11,anjali.gupta@gmail.com
Cust_338,Vikram Rao,Pune,2024-06-13,vikram.rao@gmail.com
Cust_339,Neeraj Kumar,Hyderabad,2024-07-17,neeraj.kumar@gmail.com
Cust_340,Pallavi Joshi,Pune,2020-08-09,pallavi.joshi@gmail.com
Cust_341,Aarav Patel,Delhi,2021-12-28,aarav.patel@gmail.com
Cust_342,Diya Sharma,Pune,2023-11-05,diya.sharma@gmail.com
Cust_343,Rohan Verma,Bangalore,2022-12-11,rohan.verma@gmail.com
Cust_344,Sneha Iyer,Pune,2025-07-02,sneha.iyer@gmail.com
Cust_345,Karan Malhotra,Mumbai,2021-02-26,karan.malhotra@gmail.com
Cust_346,Priya Singh,Mumbai,2024-12-21,priya.singh@gmail.com
Cust_347,Anjali Gupta,Bangalore,2023-05-18,anjali.gupta@gmail.com
Cust_348,Vikram Rao,Delhi,2020-02-11,vikram.rao@gmail.com
Cust_349,Neeraj Kumar,Mumbai,2022-02-22,neeraj.kumar@gmail.com
Cust_350,Pallavi Joshi,Hyderabad,2025-02-02,pallavi.joshi@gmail.com
Cust_351,Aarav Patel,Mumbai,2023-03-02,aarav.patel@gmail.com
Cust_352,Diya Sharma,Mumbai,2025-07-13,diya.sharma@gmail.com
Cust_353,Rohan Verma,Delhi,2022-01-28,rohan.verma@gmail.com
Cust_354,Sneha Iyer,Pune,2024-11-25,sneha.iyer@gmail.com
Cust_355,Karan Malhotra,Mumbai,2025-08-14,karan.malhotra@gmail.com
Cust_356,Priya Singh,Bangalore,2023-01-12,priya.singh@gmail.com
Cust_357,Anjali Gupta,Pune,2022-10-24,anjali.gupta@gmail.com
Cust_358,Vikram Rao,Hyderabad,2025-05-16,vikram.rao@gmail.com
Cust_359,Neeraj Kumar,Delhi,2023-05-22,neeraj.kumar@gmail.com
Cust_360,Pallavi Joshi,Hyderabad,2022-11-12,pallavi.joshi@gmail.com
Cust_361,Aarav Patel,Pune,2023-11-01,aarav.patel@gmail.com
Cust_362,Diya Sharma,Pune,2022-11-24,diya.sharma@gmail.com
Cust_363,Rohan Verma,Pune,2022-05-04,rohan.verma@gmail.com
Cust_364,Sneha Iyer,Hyderabad,2024-02-12,sneha.iyer@gmail.com
Cust_365,Karan Malhotra,Pune,2025-04-04,karan.malhotra@gmail.com
Cust_366,Priya Singh,Hyderabad,2025-02-06,priya.singh@gmail.com
Cust_367,Anjali Gupta,Pune,2023-04-06,anjali.gupta@gmail.com
Cust_368,Vikram Rao,Bangalore,2024-10-26,vikram.rao@gmail.com
Cust_369,Neeraj Kumar,Pune,2020-10-28,neeraj.kumar@gmail.com
Cust_370,Pallavi Joshi,Hyderabad,2020-11-21,pallavi.joshi@gmail.com
Cust_371,Aarav Patel,Mumbai,2022-12-18,aarav.patel@gmail.com
Cust_372,Diya Sharma,Pune,2024-06-22,diya.sharma@gmail.com
Cust_373,Rohan Verma,Mumbai,2021-02-17,rohan.verma@gmail.com
Cust_374,Sneha Iyer,Bangalore,2021-12-02,sneha.iyer@gmail.com
Cust_375,Karan Malhotra,Delhi,2022-09-27,karan.malhotra@gmail.com
Cust_376,Priya Singh,Bangalore,2024-08-09,priya.singh@gmail.com
Cust_377,Anjali Gupta,Pune,2022-12-14,anjali.gupta@gmail.com
Cust_378,Vikram Rao,Mumbai,2023-10-17,vikram.rao@gmail.com
Cust_379,Neeraj Kumar,Mumbai,2025-12-27,neeraj.kumar@gmail.com
Cust_380,Pallavi Joshi,Hyderabad,2023-03-04,pallavi.joshi@gmail.com
Cust_381,Aarav Patel,Mumbai,2021-07-05,aarav.patel@gmail.com
Cust_382,Diya Sharma,Hyderabad,2023-12-11,diya.sharma@gmail.com
Cust_383,Rohan Verma,Delhi,2025-11-12,rohan.verma@gmail.com
Cust_384,Sneha Iyer,Pune,2024-11-14,sneha.iyer@gmail.com
Cust_385,Karan Malhotra,Hyderabad,2022-01-17,karan.malhotra@gmail.com
Cust_386,Priya Singh,Delhi,2021-02-01,priya.singh@gmail.com
Cust_387,Anjali Gupta,Mumbai,2023-10-11,anjali.gupta@gmail.com
Cust_388,Vikram Rao,Mumbai,2021-03-19,vikram.rao@gmail.com
Cust_389,Neeraj Kumar,Delhi,2023-08-16,neeraj.kumar@gmail.com
Cust_390,Pallavi Joshi,Mumbai,2021-02-24,pallavi.joshi@gmail.com
Cust_391,Aarav Patel,Delhi,2025-07-16,aarav.patel@gmail.com
Cust_392,Diya Sharma,Hyderabad,2022-12-20,diya.sharma@gmail.com
Cust_393,Rohan Verma,Hyderabad,2024-07-28,rohan.verma@gmail.com
Cust_394,Sneha Iyer,Delhi,2024-07-05,sneha.iyer@gmail.com
Cust_395,Karan Malhotra,Hyderabad,2025-07-25,karan.malhotra@gmail.com
Cust_396,Priya Singh,Hyderabad,2021-11-15,priya.singh@gmail.com
Cust_397,Anjali Gupta,Hyderabad,2021-10-03,anjali.gupta@gmail.com
Cust_398,Vikram Rao,Bangalore,2021-12-04,vikram.rao@gmail.com
Cust_399,Neeraj Kumar,Pune,2025-05-07,neeraj.kumar@gmail.com
Cust_400,Pallavi Joshi,Mumbai,2023-05-27,pallavi.joshi@gmail.com
Cust_401,Aarav Patel,Bangalore,2022-10-03,aarav.patel@gmail.com
Cust_402,Diya Sharma,Hyderabad,2025-10-09,diya.sharma@gmail.com
Cust_403,Rohan Verma,Delhi,2024-05-02,rohan.verma@gmail.com
Cust_404,Sneha Iyer,Hyderabad,2025-02-23,sneha.iyer@gmail.com
Cust_405,Karan Malhotra,Pune,2023-09-17,karan.malhotra@gmail.com
Cust_406,Priya Singh,Hyderabad,2021-03-26,priya.singh@gmail.com
Cust_407,Anjali Gupta,Delhi,2020-12-25,anjali.gupta@gmail.com
Cust_408,Vikram Rao,Pune,2022-04-21,vikram.rao@gmail.com
Cust_409,Neeraj Kumar,Hyderabad,2025-07-28,neeraj.kumar@gmail.com
Cust_410,Pallavi Joshi,Pune,2021-10-19,pallavi.joshi@gmail.com
Cust_411,Aarav Patel,Mumbai,2022-01-17,aarav.patel@gmail.com
Cust_412,Diya Sharma,Mumbai,2025-07-01,diya.sharma@gmail.com
Cust_413,Rohan Verma,Hyderabad,2020-07-21,rohan.verma@gmail.com
Cust_414,Sneha Iyer,Pune,2022-12-25,sneha.iyer@gmail.com
Cust_415,Karan Malhotra,Delhi,2023-12-27,karan.malhotra@gmail.com
Cust_416,Priya Singh,Hyderabad,2021-10-25,priya.singh@gmail.com
Cust_417,Anjali Gupta,Mumbai,2020-03-12,anjali.gupta@gmail.com
Cust_418,Vikram Rao,Mumbai,2021-02-06,vikram.rao@gmail.com
Cust_419,Neeraj Kumar,Hyderabad,2024-07-14,neeraj.kumar@gmail.com
Cust_420,Pallavi Joshi,Pune,2023-08-11,pallavi.joshi@gmail.com
Cust_421,Aarav Patel,Mumbai,2022-12-06,aarav.patel@gmail.com
Cust_422,Diya Sharma,Pune,2021-06-28,diya.sharma@gmail.com
Cust_423,Rohan Verma,Mumbai,2020-09-16,rohan.verma@gmail.com
Cust_424,Sneha Iyer,Mumbai,2023-05-01,sneha.iyer@gmail.com
Cust_425,Karan Malhotra,Bangalore,2022-09-04,karan.malhotra@gmail.com
Cust_426,Priya Singh,Mumbai,2024-09-18,priya.singh@gmail.com
Cust_427,Anjali Gupta,Delhi,2020-06-12,anjali.gupta@gmail.com
Cust_428,Vikram Rao,Hyderabad,2021-04-13,vikram.rao@gmail.com
Cust_429,Neeraj Kumar,Hyderabad,2020-06-02,neeraj.kumar@gmail.com
Cust_430,Pallavi Joshi,Pune,2022-05-19,pallavi.joshi@gmail.com
Cust_431,Aarav Patel,Mumbai,2020-09-17,aarav.patel@gmail.com
Cust_432,Diya Sharma,Delhi,2020-04-08,diya.sharma@gmail.com
Cust_433,Rohan Verma,Pune,2023-09-27,rohan.verma@gmail.com
Cust_434,Sneha Iyer,Bangalore,2025-12-08,sneha.iyer@gmail.com
Cust_435,Karan Malhotra,Pune,2020-05-10,karan.malhotra@gmail.com
Cust_436,Priya Singh,Pune,2023-03-15,priya.singh@gmail.com
Cust_437,Anjali Gupta,Mumbai,2025-08-24,anjali.gupta@gmail.com
Cust_438,Vikram Rao,Bangalore,2022-01-23,vikram.rao@gmail.com
Cust_439,Neeraj Kumar,Pune,2025-05-07,neeraj.kumar@gmail.com
Cust_440,Pallavi Joshi,Delhi,2024-02-27,pallavi.joshi@gmail.com
Cust_441,Aarav Patel,Delhi,2025-04-21,aarav.patel@gmail.com
Cust_442,Diya Sharma,Hyderabad,2025-05-17,diya.sharma@gmail.com
Cust_443,Rohan Verma,Bangalore,2021-06-19,rohan.verma@gmail.com
Cust_444,Sneha Iyer,Bangalore,2024-10-13,sneha.iyer@gmail.com
Cust_445,Karan Malhotra,Hyderabad,2023-07-07,karan.malhotra@gmail.com
Cust_446,Priya Singh,Pune,2025-01-14,priya.singh@gmail.com
Cust_447,Anjali Gupta,Bangalore,2024-01-03,anjali.gupta@gmail.com
Cust_448,Vikram Rao,Delhi,2025-11-02,vikram.rao@gmail.com
Cust_449,Neeraj Kumar,Delhi,2024-02-28,neeraj.kumar@gmail.com
Cust_450,Pallavi Joshi,Mumbai,2025-06-08,pallavi.joshi@gmail.com
Cust_451,Aarav Patel,Bangalore,2021-08-20,aarav.patel@gmail.com
Cust_452,Diya Sharma,Pune,2024-12-18,diya.sharma@gmail.com
Cust_453,Rohan Verma,Hyderabad,2021-10-02,rohan.verma@gmail.com
Cust_454,Sneha Iyer,Hyderabad,2024-11-25,sneha.iyer@gmail.com
Cust_455,Karan Malhotra,Pune,2025-10-28,karan.malhotra@gmail.com
Cust_456,Priya Singh,Mumbai,2022-05-05,priya.singh@gmail.com
Cust_457,Anjali Gupta,Hyderabad,2021-08-17,anjali.gupta@gmail.com
Cust_458,Vikram Rao,Bangalore,2023-09-13,vikram.rao@gmail.com
Cust_459,Neeraj Kumar,Mumbai,2020-05-01,neeraj.kumar@gmail.com
Cust_460,Pallavi Joshi,Bangalore,2023-02-09,pallavi.joshi@gmail.com
Cust_461,Aarav Patel,Delhi,2020-03-04,aarav.patel@gmail.com
Cust_462,Diya Sharma,Mumbai,2023-06-11,diya.sharma@gmail.com
Cust_463,Rohan Verma,Hyderabad,2025-11-01,rohan.verma@gmail.com
Cust_464,Sneha Iyer,Mumbai,2022-05-08,sneha.iyer@gmail.com
Cust_465,Karan Malhotra,Mumbai,2020-01-10,karan.malhotra@gmail.com
Cust_466,Priya Singh,Mumbai,2021-05-03,priya.singh@gmail.com
Cust_467,Anjali Gupta,Mumbai,2020-07-13,anjali.gupta@gmail.com
Cust_468,Vikram Rao,Bangalore,2022-05-20,vikram.rao@gmail.com
Cust_469,Neeraj Kumar,Delhi,2023-11-27,neeraj.kumar@gmail.com
Cust_470,Pallavi Joshi,Pune,2025-03-22,pallavi.joshi@gmail.com
Cust_471,Aarav Patel,Mumbai,2024-05-05,aarav.patel@gmail.com
Cust_472,Diya Sharma,Hyderabad,2020-09-26,diya.sharma@gmail.com
Cust_473,Rohan Verma,Mumbai,2020-12-20,rohan.verma@gmail.com
Cust_474,Sneha Iyer,Hyderabad,2020-08-27,sneha.iyer@gmail.com
Cust_475,Karan Malhotra,Bangalore,2020-10-25,karan.malhotra@gmail.com
Cust_476,Priya Singh,Hyderabad,2020-04-04,priya.singh@gmail.com
Cust_477,Anjali Gupta,Pune,2023-09-12,anjali.gupta@gmail.com
Cust_478,Vikram Rao,Delhi,2025-09-22,vikram.rao@gmail.com
Cust_479,Neeraj Kumar,Hyderabad,2022-07-23,neeraj.kumar@gmail.com
Cust_480,Pallavi Joshi,Hyderabad,2024-02-11,pallavi.joshi@gmail.com
Cust_481,Aarav Patel,Delhi,2024-04-27,aarav.patel@gmail.com
Cust_482,Diya Sharma,Pune,2022-09-21,diya.sharma@gmail.com
Cust_483,Rohan Verma,Mumbai,2022-10-17,rohan.verma@gmail.com
Cust_484,Sneha Iyer,Hyderabad,2021-09-23,sneha.iyer@gmail.com
Cust_485,Karan Malhotra,Delhi,2021-02-12,karan.malhotra@gmail.com
Cust_486,Priya Singh,Bangalore,2021-03-04,priya.singh@gmail.com
Cust_487,Anjali Gupta,Delhi,2025-08-01,anjali.gupta@gmail.com
Cust_488,Vikram Rao,Bangalore,2020-07-05,vikram.rao@gmail.com
Cust_489,Neeraj Kumar,Pune,2022-02-24,neeraj.kumar@gmail.com
Cust_490,Pallavi Joshi,Mumbai,2023-09-05,pallavi.joshi@gmail.com
Cust_491,Aarav Patel,Delhi,2022-07-09,aarav.patel@gmail.com
Cust_492,Diya Sharma,Hyderabad,2025-12-16,diya.sharma@gmail.com
Cust_493,Rohan Verma,Pune,2022-06-13,rohan.verma@gmail.com
Cust_494,Sneha Iyer,Delhi,2023-10-28,sneha.iyer@gmail.com
Cust_495,Karan Malhotra,Hyderabad,2021-07-05,karan.malhotra@gmail.com
Cust_496,Priya Singh,Delhi,2022-02-14,priya.singh@gmail.com
Cust_497,Anjali Gupta,Bangalore,2020-03-25,anjali.gupta@gmail.com
Cust_498,Vikram Rao,Delhi,2022-03-03,vikram.rao@gmail.com
Cust_499,Neeraj Kumar,Delhi,2021-05-14,neeraj.kumar@gmail.com
Cust_500,Pallavi Joshi,Delhi,2020-09-27,pallavi.joshi@gmail.com
Cust_501,Aarav Patel,Pune,2024-09-07,aarav.patel@gmail.com
Cust_502,Diya Sharma,Delhi,2023-09-15,diya.sharma@gmail.com
Cust_503,Rohan Verma,Hyderabad,2021-01-24,rohan.verma@gmail.com
Cust_504,Sneha Iyer,Bangalore,2021-06-20,sneha.iyer@gmail.com
Cust_505,Karan Malhotra,Bangalore,2021-08-06,karan.malhotra@gmail.com
Cust_506,Priya Singh,Delhi,2024-03-23,priya.singh@gmail.com
Cust_507,Anjali Gupta,Pune,2023-08-13,anjali.gupta@gmail.com
Cust_508,Vikram Rao,Pune,2023-10-18,vikram.rao@gmail.com
Cust_509,Neeraj Kumar,Hyderabad,2023-10-14,neeraj.kumar@gmail.com
Cust_510,Pallavi Joshi,Delhi,2021-02-10,pallavi.joshi@gmail.com
Cust_511,Aarav Patel,Bangalore,2020-03-21,aarav.patel@gmail.com
Cust_512,Diya Sharma,Pune,2021-12-14,diya.sharma@gmail.com
Cust_513,Rohan Verma,Delhi,2021-07-11,rohan.verma@gmail.com
Cust_514,Sneha Iyer,Pune,2020-10-11,sneha.iyer@gmail.com
Cust_515,Karan Malhotra,Pune,2025-12-23,karan.malhotra@gmail.com
Cust_516,Priya Singh,Bangalore,2021-09-09,priya.singh@gmail.com
Cust_517,Anjali Gupta,Mumbai,2020-12-19,anjali.gupta@gmail.com
Cust_518,Vikram Rao,Hyderabad,2022-11-26,vikram.rao@gmail.com
Cust_519,Neeraj Kumar,Hyderabad,2021-12-26,neeraj.kumar@gmail.com
Cust_520,Pallavi Joshi,Bangalore,2023-12-16,pallavi.joshi@gmail.com
Cust_521,Aarav Patel,Pune,2021-07-04,aarav.patel@gmail.com
Cust_522,Diya Sharma,Delhi,2020-10-20,diya.sharma@gmail.com
Cust_523,Rohan Verma,Pune,2021-12-11,rohan.verma@gmail.com
Cust_524,Sneha Iyer,Bangalore,2024-08-21,sneha.iyer@gmail.com
Cust_525,Karan Malhotra,Hyderabad,2020-03-02,karan.malhotra@gmail.com
Cust_526,Priya Singh,Pune,2023-02-24,priya.singh@gmail.com
Cust_527,Anjali Gupta,Hyderabad,2024-07-02,anjali.gupta@gmail.com
Cust_528,Vikram Rao,Delhi,2021-06-11,vikram.rao@gmail.com
Cust_529,Neeraj Kumar,Hyderabad,2024-12-05,neeraj.kumar@gmail.com
Cust_530,Pallavi Joshi,Hyderabad,2023-12-25,pallavi.joshi@gmail.com
Cust_531,Aarav Patel,Mumbai,2025-06-10,aarav.patel@gmail.com
Cust_532,Diya Sharma,Mumbai,2023-02-04,diya.sharma@gmail.com
Cust_533,Rohan Verma,Mumbai,2023-04-21,rohan.verma@gmail.com
Cust_534,Sneha Iyer,Hyderabad,2020-08-19,sneha.iyer@gmail.com
Cust_535,Karan Malhotra,Bangalore,2025-10-07,karan.malhotra@gmail.com
Cust_536,Priya Singh,Hyderabad,2023-06-08,priya.singh@gmail.com
Cust_537,Anjali Gupta,Bangalore,2024-08-26,anjali.gupta@gmail.com
Cust_538,Vikram Rao,Bangalore,2023-11-06,vikram.rao@gmail.com
Cust_539,Neeraj Kumar,Mumbai,2022-03-03,neeraj.kumar@gmail.com
Cust_540,Pallavi Joshi,Pune,2025-04-12,pallavi.joshi@gmail.com
Cust_541,Aarav Patel,Delhi,2022-07-07,aarav.patel@gmail.com
Cust_542,Diya Sharma,Mumbai,2021-11-16,diya.sharma@gmail.com
Cust_543,Rohan Verma,Mumbai,2021-01-18,rohan.verma@gmail.com
Cust_544,Sneha Iyer,Pune,2021-08-06,sneha.iyer@gmail.com
Cust_545,Karan Malhotra,Delhi,2020-04-19,karan.malhotra@gmail.com
Cust_546,Priya Singh,Hyderabad,2021-12-14,priya.singh@gmail.com
Cust_547,Anjali Gupta,Hyderabad,2025-02-17,anjali.gupta@gmail.com
Cust_548,Vikram Rao,Mumbai,2022-05-08,vikram.rao@gmail.com
Cust_549,Neeraj Kumar,Delhi,2023-04-04,neeraj.kumar@gmail.com
Cust_550,Pallavi Joshi,Mumbai,2022-10-03,pallavi.joshi@gmail.com
Cust_551,Aarav Patel,Bangalore,2020-08-01,aarav.patel@gmail.com
Cust_552,Diya Sharma,Mumbai,2022-07-14,diya.sharma@gmail.com
Cust_553,Rohan Verma,Mumbai,2020-03-16,rohan.verma@gmail.com
Cust_554,Sneha Iyer,Hyderabad,2023-02-21,sneha.iyer@gmail.com
Cust_555,Karan Malhotra,Hyderabad,2021-09-17,karan.malhotra@gmail.com
Cust_556,Priya Singh,Hyderabad,2023-12-07,priya.singh@gmail.com
Cust_557,Anjali Gupta,Bangalore,2020-02-11,anjali.gupta@gmail.com
Cust_558,Vikram Rao,Hyderabad,2023-05-09,vikram.rao@gmail.com
Cust_559,Neeraj Kumar,Delhi,2021-03-18,neeraj.kumar@gmail.com
Cust_560,Pallavi Joshi,Pune,2020-01-09,pallavi.joshi@gmail.com
Cust_561,Aarav Patel,Delhi,2023-09-19,aarav.patel@gmail.com
Cust_562,Diya Sharma,Delhi,2024-10-19,diya.sharma@gmail.com
Cust_563,Rohan Verma,Hyderabad,2023-02-15,rohan.verma@gmail.com
Cust_564,Sneha Iyer,Pune,2025-04-22,sneha.iyer@gmail.com
Cust_565,Karan Malhotra,Pune,2021-08-10,karan.malhotra@gmail.com
Cust_566,Priya Singh,Pune,2024-07-25,priya.singh@gmail.com
Cust_567,Anjali Gupta,Bangalore,2022-08-18,anjali.gupta@gmail.com
Cust_568,Vikram Rao,Hyderabad,2021-09-03,vikram.rao@gmail.com
Cust_569,Neeraj Kumar,Pune,2025-11-17,neeraj.kumar@gmail.com
Cust_570,Pallavi Joshi,Bangalore,2023-04-24,pallavi.joshi@gmail.com
Cust_571,Aarav Patel,Mumbai,2023-10-03,aarav.patel@gmail.com
Cust_572,Diya Sharma,Mumbai,2023-01-28,diya.sharma@gmail.com
Cust_573,Rohan Verma,Bangalore,2020-01-22,rohan.verma@gmail.com
Cust_574,Sneha Iyer,Bangalore,2025-12-07,sneha.iyer@gmail.com
Cust_575,Karan Malhotra,Hyderabad,2024-02-05,karan.malhotra@gmail.com
Cust_576,Priya Singh,Hyderabad,2021-01-05,priya.singh@gmail.com
Cust_577,Anjali Gupta,Mumbai,2021-05-19,anjali.gupta@gmail.com
Cust_578,Vikram Rao,Pune,2023-08-18,vikram.rao@gmail.com
Cust_579,Neeraj Kumar,Mumbai,2024-12-19,neeraj.kumar@gmail.com
Cust_580,Pallavi Joshi,Pune,2022-06-08,pallavi.joshi@gmail.com
Cust_581,Aarav Patel,Pune,2022-04-02,aarav.patel@gmail.com
Cust_582,Diya Sharma,Hyderabad,2022-02-25,diya.sharma@gmail.com
Cust_583,Rohan Verma,Delhi,2020-04-27,rohan.verma@gmail.com
Cust_584,Sneha Iyer,Delhi,2025-01-17,sneha.iyer@gmail.com
Cust_585,Karan Malhotra,Bangalore,2021-02-22,karan.malhotra@gmail.com
Cust_586,Priya Singh,Hyderabad,2022-04-17,priya.singh@gmail.com
Cust_587,Anjali Gupta,Pune,2021-07-07,anjali.gupta@gmail.com
Cust_588,Vikram Rao,Delhi,2022-07-08,vikram.rao@gmail.com
Cust_589,Neeraj Kumar,Pune,2022-07-26,neeraj.kumar@gmail.com
Cust_590,Pallavi Joshi,Delhi,2025-01-12,pallavi.joshi@gmail.com
Cust_591,Aarav Patel,Delhi,2020-12-12,aarav.patel@gmail.com
Cust_592,Diya Sharma,Delhi,2025-07-07,diya.sharma@gmail.com
Cust_593,Rohan Verma,Hyderabad,2022-05-17,rohan.verma@gmail.com
Cust_594,Sneha Iyer,Mumbai,2023-04-24,sneha.iyer@gmail.com
Cust_595,Karan Malhotra,Pune,2024-03-01,karan.malhotra@gmail.com
Cust_596,Priya Singh,Hyderabad,2024-08-16,priya.singh@gmail.com
Cust_597,Anjali Gupta,Hyderabad,2022-09-06,anjali.gupta@gmail.com
Cust_598,Vikram Rao,Hyderabad,2022-06-20,vikram.rao@gmail.com
Cust_599,Neeraj Kumar,Hyderabad,2021-11-11,neeraj.kumar@gmail.com
Cust_600,Pallavi Joshi,Hyderabad,2020-12-08,pallavi.joshi@gmail.com
Cust_601,Aarav Patel,Bangalore,2020-01-19,aarav.patel@gmail.com
Cust_602,Diya Sharma,Pune,2022-05-16,diya.sharma@gmail.com
Cust_603,Rohan Verma,Hyderabad,2023-01-19,rohan.verma@gmail.com
Cust_604,Sneha Iyer,Pune,2021-09-17,sneha.iyer@gmail.com
Cust_605,Karan Malhotra,Bangalore,2024-09-06,karan.malhotra@gmail.com
Cust_606,Priya Singh,Bangalore,2022-03-21,priya.singh@gmail.com
Cust_607,Anjali Gupta,Pune,2025-10-20,anjali.gupta@gmail.com
Cust_608,Vikram Rao,Delhi,2021-10-10,vikram.rao@gmail.com
Cust_609,Neeraj Kumar,Mumbai,2022-09-14,neeraj.kumar@gmail.com
Cust_610,Pallavi Joshi,Delhi,2021-11-16,pallavi.joshi@gmail.com
Cust_611,Aarav Patel,Delhi,2021-02-18,aarav.patel@gmail.com
Cust_612,Diya Sharma,Delhi,2025-03-16,diya.sharma@gmail.com
Cust_613,Rohan Verma,Hyderabad,2025-09-01,rohan.verma@gmail.com
Cust_614,Sneha Iyer,Bangalore,2022-02-07,sneha.iyer@gmail.com
Cust_615,Karan Malhotra,Delhi,2022-03-26,karan.malhotra@gmail.com
Cust_616,Priya Singh,Bangalore,2023-10-19,priya.singh@gmail.com
Cust_617,Anjali Gupta,Pune,2020-05-22,anjali.gupta@gmail.com
Cust_618,Vikram Rao,Mumbai,2023-08-16,vikram.rao@gmail.com
Cust_619,Neeraj Kumar,Pune,2024-02-14,neeraj.kumar@gmail.com
Cust_620,Pallavi Joshi,Pune,2020-06-24,pallavi.joshi@gmail.com
Cust_621,Aarav Patel,Hyderabad,2022-05-07,aarav.patel@gmail.com
Cust_622,Diya Sharma,Mumbai,2023-04-14,diya.sharma@gmail.com
Cust_623,Rohan Verma,Pune,2023-04-09,rohan.verma@gmail.com
Cust_624,Sneha Iyer,Pune,2021-08-23,sneha.iyer@gmail.com
Cust_625,Karan Malhotra,Mumbai,2024-04-08,karan.malhotra@gmail.com
Cust_626,Priya Singh,Mumbai,2022-12-22,priya.singh@gmail.com
Cust_627,Anjali Gupta,Pune,2022-12-02,anjali.gupta@gmail.com
Cust_628,Vikram Rao,Mumbai,2021-05-10,vikram.rao@gmail.com
Cust_629,Neeraj Kumar,Pune,2020-11-11,neeraj.kumar@gmail.com
Cust_630,Pallavi Joshi,Pune,2025-12-19,pallavi.joshi@gmail.com
Cust_631,Aarav Patel,Hyderabad,2021-03-10,aarav.patel@gmail.com
Cust_632,Diya Sharma,Delhi,2025-11-12,diya.sharma@gmail.com
Cust_633,Rohan Verma,Pune,2020-01-05,rohan.verma@gmail.com
Cust_634,Sneha Iyer,Bangalore,2024-03-02,sneha.iyer@gmail.com
Cust_635,Karan Malhotra,Delhi,2021-11-08,karan.malhotra@gmail.com
Cust_636,Priya Singh,Delhi,2024-03-12,priya.singh@gmail.com
Cust_637,Anjali Gupta,Delhi,2020-07-15,anjali.gupta@gmail.com
Cust_638,Vikram Rao,Hyderabad,2022-12-09,vikram.rao@gmail.com
Cust_639,Neeraj Kumar,Pune,2023-04-03,neeraj.kumar@gmail.com
Cust_640,Pallavi Joshi,Hyderabad,2022-05-13,pallavi.joshi@gmail.com
Cust_641,Aarav Patel,Pune,2022-05-26,aarav.patel@gmail.com
Cust_642,Diya Sharma,Hyderabad,2025-07-02,diya.sharma@gmail.com
Cust_643,Rohan Verma,Hyderabad,2023-03-05,rohan.verma@gmail.com
Cust_644,Sneha Iyer,Bangalore,2022-06-18,sneha.iyer@gmail.com
Cust_645,Karan Malhotra,Hyderabad,2021-06-03,karan.malhotra@gmail.com
Cust_646,Priya Singh,Mumbai,2024-06-23,priya.singh@gmail.com
Cust_647,Anjali Gupta,Bangalore,2023-12-09,anjali.gupta@gmail.com
Cust_648,Vikram Rao,Hyderabad,2023-04-14,vikram.rao@gmail.com
Cust_649,Neeraj Kumar,Delhi,2020-08-10,neeraj.kumar@gmail.com
Cust_650,Pallavi Joshi,Mumbai,2025-04-13,pallavi.joshi@gmail.com
Cust_651,Aarav Patel,Mumbai,2024-12-08,aarav.patel@gmail.com
Cust_652,Diya Sharma,Mumbai,2025-05-24,diya.sharma@gmail.com
Cust_653,Rohan Verma,Bangalore,2025-10-02,rohan.verma@gmail.com
Cust_654,Sneha Iyer,Hyderabad,2022-04-13,sneha.iyer@gmail.com
Cust_655,Karan Malhotra,Hyderabad,2023-05-15,karan.malhotra@gmail.com
Cust_656,Priya Singh,Delhi,2022-06-03,priya.singh@gmail.com
Cust_657,Anjali Gupta,Delhi,2023-02-04,anjali.gupta@gmail.com
Cust_658,Vikram Rao,Mumbai,2023-06-08,vikram.rao@gmail.com
Cust_659,Neeraj Kumar,Delhi,2023-08-12,neeraj.kumar@gmail.com
Cust_660,Pallavi Joshi,Bangalore,2020-01-04,pallavi.joshi@gmail.com
Cust_661,Aarav Patel,Hyderabad,2024-05-27,aarav.patel@gmail.com
Cust_662,Diya Sharma,Mumbai,2024-08-24,diya.sharma@gmail.com
Cust_663,Rohan Verma,Delhi,2025-01-03,rohan.verma@gmail.com
Cust_664,Sneha Iyer,Bangalore,2024-09-10,sneha.iyer@gmail.com
Cust_665,Karan Malhotra,Bangalore,2022-02-03,karan.malhotra@gmail.com
Cust_666,Priya Singh,Delhi,2020-05-07,priya.singh@gmail.com
Cust_667,Anjali Gupta,Hyderabad,2023-04-22,anjali.gupta@gmail.com
Cust_668,Vikram Rao,Delhi,2023-09-01,vikram.rao@gmail.com
Cust_669,Neeraj Kumar,Mumbai,2020-09-26,neeraj.kumar@gmail.com
Cust_670,Pallavi Joshi,Delhi,2024-10-22,pallavi.joshi@gmail.com
Cust_671,Aarav Patel,Bangalore,2025-09-09,aarav.patel@gmail.com
Cust_672,Diya Sharma,Delhi,2025-01-07,diya.sharma@gmail.com
Cust_673,Rohan Verma,Hyderabad,2020-04-17,rohan.verma@gmail.com
Cust_674,Sneha Iyer,Pune,2024-12-03,sneha.iyer@gmail.com
Cust_675,Karan Malhotra,Delhi,2023-10-16,karan.malhotra@gmail.com
Cust_676,Priya Singh,Hyderabad,2020-05-09,priya.singh@gmail.com
Cust_677,Anjali Gupta,Hyderabad,2022-06-16,anjali.gupta@gmail.com
Cust_678,Vikram Rao,Bangalore,2023-05-14,vikram.rao@gmail.com
Cust_679,Neeraj Kumar,Hyderabad,2023-12-28,neeraj.kumar@gmail.com
Cust_680,Pallavi Joshi,Hyderabad,2021-07-03,pallavi.joshi@gmail.com
Cust_681,Aarav Patel,Hyderabad,2022-07-12,aarav.patel@gmail.com
Cust_682,Diya Sharma,Hyderabad,2025-01-06,diya.sharma@gmail.com
Cust_683,Rohan Verma,Mumbai,2021-11-28,rohan.verma@gmail.com
Cust_684,Sneha Iyer,Mumbai,2020-05-12,sneha.iyer@gmail.com
Cust_685,Karan Malhotra,Bangalore,2020-05-25,karan.malhotra@gmail.com
Cust_686,Priya Singh,Delhi,2025-09-19,priya.singh@gmail.com
Cust_687,Anjali Gupta,Hyderabad,2022-05-17,anjali.gupta@gmail.com
Cust_688,Vikram Rao,Delhi,2022-03-15,vikram.rao@gmail.com
Cust_689,Neeraj Kumar,Delhi,2022-03-23,neeraj.kumar@gmail.com
Cust_690,Pallavi Joshi,Bangalore,2023-03-03,pallavi.joshi@gmail.com
Cust_691,Aarav Patel,Hyderabad,2025-07-24,aarav.patel@gmail.com
Cust_692,Diya Sharma,Hyderabad,2022-10-03,diya.sharma@gmail.com
Cust_693,Rohan Verma,Pune,2020-09-03,rohan.verma@gmail.com
Cust_694,Sneha Iyer,Delhi,2022-08-24,sneha.iyer@gmail.com
Cust_695,Karan Malhotra,Delhi,2025-07-22,karan.malhotra@gmail.com
Cust_696,Priya Singh,Mumbai,2022-02-10,priya.singh@gmail.com
Cust_697,Anjali Gupta,Pune,2023-12-17,anjali.gupta@gmail.com
Cust_698,Vikram Rao,Mumbai,2022-08-14,vikram.rao@gmail.com
Cust_699,Neeraj Kumar,Mumbai,2020-07-06,neeraj.kumar@gmail.com
Cust_700,Pallavi Joshi,Mumbai,2024-09-17,pallavi.joshi@gmail.com
Cust_701,Aarav Patel,Bangalore,2020-12-05,aarav.patel@gmail.com
Cust_702,Diya Sharma,Bangalore,2020-04-16,diya.sharma@gmail.com
Cust_703,Rohan Verma,Mumbai,2025-06-04,rohan.verma@gmail.com
Cust_704,Sneha Iyer,Pune,2024-08-14,sneha.iyer@gmail.com
Cust_705,Karan Malhotra,Delhi,2025-08-08,karan.malhotra@gmail.com
Cust_706,Priya Singh,Pune,2022-12-16,priya.singh@gmail.com
Cust_707,Anjali Gupta,Hyderabad,2023-09-19,anjali.gupta@gmail.com
Cust_708,Vikram Rao,Bangalore,2024-02-02,vikram.rao@gmail.com
Cust_709,Neeraj Kumar,Delhi,2025-09-27,neeraj.kumar@gmail.com
Cust_710,Pallavi Joshi,Delhi,2022-01-20,pallavi.joshi@gmail.com
Cust_711,Aarav Patel,Hyderabad,2023-02-27,aarav.patel@gmail.com
Cust_712,Diya Sharma,Hyderabad,2025-06-23,diya.sharma@gmail.com
Cust_713,Rohan Verma,Mumbai,2020-02-02,rohan.verma@gmail.com
Cust_714,Sneha Iyer,Bangalore,2020-04-23,sneha.iyer@gmail.com
Cust_715,Karan Malhotra,Bangalore,2022-01-08,karan.malhotra@gmail.com
Cust_716,Priya Singh,Pune,2025-09-26,priya.singh@gmail.com
Cust_717,Anjali Gupta,Mumbai,2025-03-14,anjali.gupta@gmail.com
Cust_718,Vikram Rao,Mumbai,2020-03-02,vikram.rao@gmail.com
Cust_719,Neeraj Kumar,Mumbai,2021-10-02,neeraj.kumar@gmail.com
Cust_720,Pallavi Joshi,Mumbai,2022-02-20,pallavi.joshi@gmail.com
Cust_721,Aarav Patel,Bangalore,2024-08-10,aarav.patel@gmail.com
Cust_722,Diya Sharma,Bangalore,2020-02-06,diya.sharma@gmail.com
Cust_723,Rohan Verma,Mumbai,2022-01-22,rohan.verma@gmail.com
Cust_724,Sneha Iyer,Pune,2021-02-16,sneha.iyer@gmail.com
Cust_725,Karan Malhotra,Delhi,2025-01-13,karan.malhotra@gmail.com
Cust_726,Priya Singh,Delhi,2020-01-26,priya.singh@gmail.com
Cust_727,Anjali Gupta,Pune,2024-12-01,anjali.gupta@gmail.com
Cust_728,Vikram Rao,Mumbai,2024-09-24,vikram.rao@gmail.com
Cust_729,Neeraj Kumar,Bangalore,2021-03-13,neeraj.kumar@gmail.com
Cust_730,Pallavi Joshi,Delhi,2020-06-11,pallavi.joshi@gmail.com
Cust_731,Aarav Patel,Hyderabad,2021-09-18,aarav.patel@gmail.com
Cust_732,Diya Sharma,Hyderabad,2025-01-21,diya.sharma@gmail.com
Cust_733,Rohan Verma,Pune,2022-03-03,rohan.verma@gmail.com
Cust_734,Sneha Iyer,Mumbai,2020-12-20,sneha.iyer@gmail.com
Cust_735,Karan Malhotra,Delhi,2021-05-02,karan.malhotra@gmail.com
Cust_736,Priya Singh,Mumbai,2020-05-18,priya.singh@gmail.com
Cust_737,Anjali Gupta,Delhi,2020-01-16,anjali.gupta@gmail.com
Cust_738,Vikram Rao,Pune,2021-12-16,vikram.rao@gmail.com
Cust_739,Neeraj Kumar,Pune,2020-01-24,neeraj.kumar@gmail.com
Cust_740,Pallavi Joshi,Hyderabad,2021-12-08,pallavi.joshi@gmail.com
Cust_741,Aarav Patel,Mumbai,2025-04-26,aarav.patel@gmail.com
Cust_742,Diya Sharma,Hyderabad,2021-12-25,diya.sharma@gmail.com
Cust_743,Rohan Verma,Mumbai,2022-11-10,rohan.verma@gmail.com
Cust_744,Sneha Iyer,Hyderabad,2025-05-17,sneha.iyer@gmail.com
Cust_745,Karan Malhotra,Bangalore,2025-01-17,karan.malhotra@gmail.com
Cust_746,Priya Singh,Bangalore,2020-05-19,priya.singh@gmail.com
Cust_747,Anjali Gupta,Bangalore,2020-04-27,anjali.gupta@gmail.com
Cust_748,Vikram Rao,Bangalore,2021-12-11,vikram.rao@gmail.com
Cust_749,Neeraj Kumar,Delhi,2022-08-14,neeraj.kumar@gmail.com
Cust_750,Pallavi Joshi,Bangalore,2022-12-10,pallavi.joshi@gmail.com
Cust_751,Aarav Patel,Pune,2020-11-02,aarav.patel@gmail.com
Cust_752,Diya Sharma,Pune,2025-06-20,diya.sharma@gmail.com
Cust_753,Rohan Verma,Delhi,2021-01-25,rohan.verma@gmail.com
Cust_754,Sneha Iyer,Bangalore,2023-03-05,sneha.iyer@gmail.com
Cust_755,Karan Malhotra,Bangalore,2021-06-10,karan.malhotra@gmail.com
Cust_756,Priya Singh,Bangalore,2020-03-12,priya.singh@gmail.com
Cust_757,Anjali Gupta,Hyderabad,2025-11-13,anjali.gupta@gmail.com
Cust_758,Vikram Rao,Mumbai,2023-09-25,vikram.rao@gmail.com
Cust_759,Neeraj Kumar,Hyderabad,2022-10-16,neeraj.kumar@gmail.com
Cust_760,Pallavi Joshi,Mumbai,2023-01-14,pallavi.joshi@gmail.com
Cust_761,Aarav Patel,Bangalore,2024-08-24,aarav.patel@gmail.com
Cust_762,Diya Sharma,Bangalore,2022-07-07,diya.sharma@gmail.com
Cust_763,Rohan Verma,Hyderabad,2025-05-23,rohan.verma@gmail.com
Cust_764,Sneha Iyer,Hyderabad,2023-10-07,sneha.iyer@gmail.com
Cust_765,Karan Malhotra,Mumbai,2024-10-19,karan.malhotra@gmail.com
Cust_766,Priya Singh,Pune,2022-09-08,priya.singh@gmail.com
Cust_767,Anjali Gupta,Mumbai,2020-11-15,anjali.gupta@gmail.com
Cust_768,Vikram Rao,Hyderabad,2023-06-07,vikram.rao@gmail.com
Cust_769,Neeraj Kumar,Hyderabad,2025-03-06,neeraj.kumar@gmail.com
Cust_770,Pallavi Joshi,Delhi,2023-11-24,pallavi.joshi@gmail.com
Cust_771,Aarav Patel,Hyderabad,2020-11-25,aarav.patel@gmail.com
Cust_772,Diya Sharma,Delhi,2021-03-18,diya.sharma@gmail.com
Cust_773,Rohan Verma,Pune,2023-12-01,rohan.verma@gmail.com
Cust_774,Sneha Iyer,Mumbai,2020-10-15,sneha.iyer@gmail.com
Cust_775,Karan Malhotra,Mumbai,2022-10-11,karan.malhotra@gmail.com
Cust_776,Priya Singh,Delhi,2025-11-28,priya.singh@gmail.com
Cust_777,Anjali Gupta,Mumbai,2020-06-14,anjali.gupta@gmail.com
Cust_778,Vikram Rao,Hyderabad,2020-01-12,vikram.rao@gmail.com
Cust_779,Neeraj Kumar,Bangalore,2022-10-15,neeraj.kumar@gmail.com
Cust_780,Pallavi Joshi,Delhi,2021-12-22,pallavi.joshi@gmail.com
Cust_781,Aarav Patel,Mumbai,2024-05-28,aarav.patel@gmail.com
Cust_782,Diya Sharma,Delhi,2025-10-14,diya.sharma@gmail.com
Cust_783,Rohan Verma,Delhi,2021-06-25,rohan.verma@gmail.com
Cust_784,Sneha Iyer,Bangalore,2025-06-09,sneha.iyer@gmail.com
Cust_785,Karan Malhotra,Hyderabad,2023-06-18,karan.malhotra@gmail.com
Cust_786,Priya Singh,Delhi,2022-05-02,priya.singh@gmail.com
Cust_787,Anjali Gupta,Mumbai,2023-03-23,anjali.gupta@gmail.com
Cust_788,Vikram Rao,Pune,2022-06-26,vikram.rao@gmail.com
Cust_789,Neeraj Kumar,Delhi,2025-05-28,neeraj.kumar@gmail.com
Cust_790,Pallavi Joshi,Delhi,2020-09-18,pallavi.joshi@gmail.com
Cust_791,Aarav Patel,Bangalore,2024-09-22,aarav.patel@gmail.com
Cust_792,Diya Sharma,Hyderabad,2021-10-20,diya.sharma@gmail.com
Cust_793,Rohan Verma,Pune,2025-11-19,rohan.verma@gmail.com
Cust_794,Sneha Iyer,Mumbai,2020-11-06,sneha.iyer@gmail.com
Cust_795,Karan Malhotra,Pune,2021-05-09,karan.malhotra@gmail.com
Cust_796,Priya Singh,Mumbai,2025-11-05,priya.singh@gmail.com
Cust_797,Anjali Gupta,Hyderabad,2023-06-18,anjali.gupta@gmail.com
Cust_798,Vikram Rao,Mumbai,2020-01-02,vikram.rao@gmail.com
Cust_799,Neeraj Kumar,Bangalore,2025-11-08,neeraj.kumar@gmail.com
Cust_800,Pallavi Joshi,Bangalore,2021-07-23,pallavi.joshi@gmail.com
Cust_801,Aarav Patel,Pune,2022-12-04,aarav.patel@gmail.com
Cust_802,Diya Sharma,Bangalore,2022-12-20,diya.sharma@gmail.com
Cust_803,Rohan Verma,Mumbai,2025-02-08,rohan.verma@gmail.com
Cust_804,Sneha Iyer,Delhi,2021-07-27,sneha.iyer@gmail.com
Cust_805,Karan Malhotra,Bangalore,2022-04-28,karan.malhotra@gmail.com
Cust_806,Priya Singh,Bangalore,2022-09-28,priya.singh@gmail.com
Cust_807,Anjali Gupta,Mumbai,2025-05-21,anjali.gupta@gmail.com
Cust_808,Vikram Rao,Pune,2024-04-26,vikram.rao@gmail.com
Cust_809,Neeraj Kumar,Mumbai,2021-01-12,neeraj.kumar@gmail.com
Cust_810,Pallavi Joshi,Pune,2023-03-05,pallavi.joshi@gmail.com
